Bağlam;Kategori / Hub;Alan Kodu;Sıra;Menü / Madde Adı;Madde ID;Hedef Modül (Route);Alt Görünüm (SubView);İkon;Kapsam (Scope);Açıklama / İş Akışı
"FİRMA GLOBALİ";"İşler ve Organizasyonlar";"jobs";"1";"İşlerim";"my-jobs";"editions";"my-jobs";"Briefcase";"WORK_WORKSPACE";"Kullanıcıya atanmış işler"
"FİRMA GLOBALİ";"İşler ve Organizasyonlar";"jobs";"2";"Aktif";"active";"editions";"active";"Briefcase";"WORK_WORKSPACE";"Yayında veya hazırlığı süren canlı işler"
"FİRMA GLOBALİ";"İşler ve Organizasyonlar";"jobs";"3";"Planlanan";"planning";"editions";"planning";"Briefcase";"WORK_WORKSPACE";"Gelecek dönem işleri"
"FİRMA GLOBALİ";"İşler ve Organizasyonlar";"jobs";"4";"Dikkat Gereken";"attention";"editions";"attention";"Briefcase";"WORK_WORKSPACE";"Geciken görev, onay bekleyen karar veya blokajlar"
"FİRMA GLOBALİ";"İşler ve Organizasyonlar";"jobs";"5";"Tamamlanan";"completed";"editions";"completed";"Briefcase";"WORK_WORKSPACE";"Operasyonu bitmiş mutabakat işleri"
"FİRMA GLOBALİ";"İşler ve Organizasyonlar";"jobs";"6";"Arşiv";"archive";"editions";"archive";"Briefcase";"WORK_WORKSPACE";"Geçmiş iş kayıtları"
"FİRMA GLOBALİ";"İşler ve Organizasyonlar";"jobs";"7";"Departmanlar";"departments";"editions";"departments";"Briefcase";"WORK_WORKSPACE";"Departman bazlı iş dağılımı"
"FİRMA GLOBALİ";"İşler ve Organizasyonlar";"jobs";"8";"Kayıtlı Görünümler";"saved-views";"editions";"saved-views";"Briefcase";"WORK_WORKSPACE";"Özelleştirilmiş filtre listeleri"
"FİRMA GLOBALİ";"Firma Portföyü";"portfolio";"1";"Kişiler";"people";"portfolio";"people";"Contact";"GLOBAL_COMPANY";"Firma B'nin kalıcı kişi ana kayıtları"
"FİRMA GLOBALİ";"Firma Portföyü";"portfolio";"2";"Kurumlar";"organizations";"portfolio";"organizations";"Contact";"GLOBAL_COMPANY";"Tüzel kişi, dernek, şirket ve kurumlar"
"FİRMA GLOBALİ";"Firma Portföyü";"portfolio";"3";"Müşteriler";"clients";"portfolio";"clients";"Contact";"GLOBAL_COMPANY";"İş verilen müşteri kurum ve kişiler"
"FİRMA GLOBALİ";"Firma Portföyü";"portfolio";"4";"İlişkiler";"relationships";"portfolio";"relationships";"Contact";"GLOBAL_COMPANY";"Portföy genelindeki iş ve bağ ilişkileri"
"FİRMA GLOBALİ";"Firma Portföyü";"portfolio";"5";"Segmentler";"segments";"portfolio";"segments";"Contact";"GLOBAL_COMPANY";"Dinamik veya statik portföy kitleleri"
"FİRMA GLOBALİ";"Firma Portföyü";"portfolio";"6";"Portföy Formları";"portfolio-forms";"portfolio";"portfolio-forms";"Contact";"GLOBAL_COMPANY";"İş dışı genel başvuru ve talep formları"
"FİRMA GLOBALİ";"Genel İletişim";"comms";"1";"Genel Bakış";"overview";"company-communications";"overview";"Megaphone";"GLOBAL_COMPANY";"Firma geneli iletişim panosu"
"FİRMA GLOBALİ";"Genel İletişim";"comms";"2";"Kitleler";"audiences";"company-communications";"audiences";"Megaphone";"GLOBAL_COMPANY";"Genel iletişim kitle listeleri"
"FİRMA GLOBALİ";"Genel İletişim";"comms";"3";"Segmentler";"segments";"company-communications";"segments";"Megaphone";"GLOBAL_COMPANY";"Filtrelenmiş alıcı kümeleri"
"FİRMA GLOBALİ";"Genel İletişim";"comms";"4";"Kampanyalar";"campaigns";"company-communications";"campaigns";"Megaphone";"GLOBAL_COMPANY";"Duyuru ve bülten kampanyaları"
"FİRMA GLOBALİ";"Genel İletişim";"comms";"5";"Şablonlar";"templates";"company-communications";"templates";"Megaphone";"GLOBAL_COMPANY";"Firma hazır e-posta ve mesaj şablonları"
"FİRMA GLOBALİ";"Genel İletişim";"comms";"6";"Onaylar";"approvals";"company-communications";"approvals";"Megaphone";"GLOBAL_COMPANY";"Gönderim öncesi teyit bekleyenler"
"FİRMA GLOBALİ";"Genel İletişim";"comms";"7";"Gönderim Geçmişi";"delivery-history";"company-communications";"delivery-history";"Megaphone";"GLOBAL_COMPANY";"İletim, açılma ve teslimat logları"
"FİRMA GLOBALİ";"Firma Raporları";"reports";"1";"Portföy";"portfolio-report";"company-reports";"portfolio-report";"BarChart3";"GLOBAL_COMPANY";"Kişi/kurum portföy büyüme ve analizleri"
"FİRMA GLOBALİ";"Firma Raporları";"reports";"2";"İş Portföyü";"works-report";"company-reports";"works-report";"BarChart3";"GLOBAL_COMPANY";"Tüm işlerin çapraz karşılaştırması"
"FİRMA GLOBALİ";"Firma Raporları";"reports";"3";"Operasyon";"operations-report";"company-reports";"operations-report";"BarChart3";"GLOBAL_COMPANY";"Görev ve operasyon tamamlama metrikleri"
"FİRMA GLOBALİ";"Firma Raporları";"reports";"4";"Finans";"finance-report";"company-reports";"finance-report";"BarChart3";"GLOBAL_COMPANY";"Firma çapraz defter, tahsilat ve mutabakat"
"FİRMA GLOBALİ";"Firma Raporları";"reports";"5";"İletişim";"comms-report";"company-reports";"comms-report";"BarChart3";"GLOBAL_COMPANY";"Toplu iletişim başarı ve etkileşimleri"
"FİRMA GLOBALİ";"Firma Raporları";"reports";"6";"Dışa Aktarımlar";"exports-report";"company-reports";"exports-report";"BarChart3";"GLOBAL_COMPANY";"Dışa aktarma kuyruğu ve dosya geçmişi"
"FİRMA GLOBALİ";"Firma Ayarları";"settings";"1";"Firma Profili";"profile";"company-settings";"profile";"Settings";"GLOBAL_COMPANY";"Firma B unvan, marka, adres ve kimlik bilgileri"
"FİRMA GLOBALİ";"Firma Ayarları";"settings";"2";"Çalışanlar ve Ekipler";"staff-teams";"company-settings";"staff-teams";"Settings";"GLOBAL_COMPANY";"Firma çalışanları ve operasyon ekipleri"
"FİRMA GLOBALİ";"Firma Ayarları";"settings";"3";"Departmanlar";"departments";"company-settings";"departments";"Settings";"GLOBAL_COMPANY";"İç departman yapılanması"
"FİRMA GLOBALİ";"Firma Ayarları";"settings";"4";"Roller ve Erişim";"roles-access";"company-settings";"roles-access";"Settings";"GLOBAL_COMPANY";"Firma genel rol ve yetki tanımları"
"FİRMA GLOBALİ";"Firma Ayarları";"settings";"5";"Modüller";"modules";"company-settings";"modules";"Settings";"GLOBAL_COMPANY";"Firma B'ye tanımlı ürün modülü aktivasyonları"
"FİRMA GLOBALİ";"Firma Ayarları";"settings";"6";"Genel Şablonlar";"templates";"company-settings";"templates";"Settings";"GLOBAL_COMPANY";"İş ve form başlangıç şablonları"
"FİRMA GLOBALİ";"Firma Ayarları";"settings";"7";"İletişim ve İzinler";"comms-consents";"company-settings";"comms-consents";"Settings";"GLOBAL_COMPANY";"KVKK, İYS ve iletişim kanalı ayarları"
"FİRMA GLOBALİ";"Firma Ayarları";"settings";"8";"Entegrasyonlar";"integrations";"integrations";"integrations";"Settings";"WORK_WORKSPACE";"Ödeme, SMS, e-posta ve API bağlantıları"
"FİRMA GLOBALİ";"Firma Ayarları";"settings";"9";"Uyumluluk";"compliance";"compliance";"compliance";"Settings";"WORK_WORKSPACE";"Veri saklama, log ve yasal uyum ilkeleri"
"İŞ MODÜLLERİ";"Kokpit ve Yönetim";"hub_cockpit";"1";"İş Özeti";"summary";"dashboard";"(Varsayılan)";"FolderKanban";"WORK_WORKSPACE";"İşin sağlık kokpiti, sıradaki adımlar ve modül durumları"
"İŞ MODÜLLERİ";"Kokpit ve Yönetim";"hub_cockpit";"2";"Kurulum Kontrol Listesi";"setup-checklist";"editions";"checklist";"FolderKanban";"WORK_WORKSPACE";"Kademeli iş kurulumu ve yayın engelleri"
"İŞ MODÜLLERİ";"Kokpit ve Yönetim";"hub_cockpit";"3";"Görevler ve Onaylar";"tasks-approvals";"operations";"(Varsayılan)";"FolderKanban";"WORK_WORKSPACE";"İşe özel görevler, tedarikçiler ve operasyonel onaylar"
"İŞ MODÜLLERİ";"Kokpit ve Yönetim";"hub_cockpit";"4";"Müşteri ve Düzenleyen";"client-organizer";"organizations";"(Varsayılan)";"FolderKanban";"WORK_WORKSPACE";"İşin sahibi müşteri ve paydaş kurum ilişkileri"
"İŞ MODÜLLERİ";"Kokpit ve Yönetim";"hub_cockpit";"5";"Ekip ve Yetkiler";"team-permissions";"settings";"(Varsayılan)";"FolderKanban";"WORK_WORKSPACE";"İşte görevli personel ve rol atamaları"
"İŞ MODÜLLERİ";"Kokpit ve Yönetim";"hub_cockpit";"6";"İş Bilgileri";"work-info";"editions";"(Varsayılan)";"FolderKanban";"WORK_WORKSPACE";"İşin adı, tarihleri, yeri ve temel kimliği"
"İŞ MODÜLLERİ";"Katılım ve Kayıt";"hub_registration";"1";"Katılımcılar";"participants";"registrations";"list";"Users2";"WORK_WORKSPACE";"Kesinleşmiş ve onaylanmış iş katılımcıları"
"İŞ MODÜLLERİ";"Katılım ve Kayıt";"hub_registration";"2";"Kategoriler ve Haklar";"categories-rights";"registrations";"categories";"Users2";"WORK_WORKSPACE";"Kayıt kategorileri, kontenjanlar ve dahil olan haklar"
"İŞ MODÜLLERİ";"Katılım ve Kayıt";"hub_registration";"3";"Onay Merkezi";"approval-center";"registrations";"approval";"Users2";"WORK_WORKSPACE";"Başvuru inceleme, onay/ret ve bekleme listesi kararları"
"İŞ MODÜLLERİ";"Katılım ve Kayıt";"hub_registration";"4";"Formlar";"forms";"forms";"(Varsayılan)";"Users2";"WORK_WORKSPACE";"İşe özel başvuru, anket ve değerlendirme formları"
"İŞ MODÜLLERİ";"Katılım ve Kayıt";"hub_registration";"5";"İçe / Dışa Aktarım";"import-export";"registrations";"import";"Users2";"WORK_WORKSPACE";"Kayıt ve katılımcı verisi toplu aktarımları"
"İŞ MODÜLLERİ";"Katılım ve Kayıt";"hub_registration";"6";"Kişiler ve Kurumlar";"people-orgs";"people";"(Varsayılan)";"Users2";"WORK_WORKSPACE";"Yalnız bu işle ilişkili kişi ve kurumların görünümü"
"İŞ MODÜLLERİ";"Program ve İçerik";"hub_program";"1";"Program";"program";"program";"(Varsayılan)";"BookOpenCheck";"WORK_WORKSPACE";"Oturumlar, salonlar, konuşmacılar ve zaman çizelgesi"
"İŞ MODÜLLERİ";"Program ve İçerik";"hub_program";"2";"Bilimsel";"scientific";"scientific";"(Varsayılan)";"BookOpenCheck";"WORK_WORKSPACE";"Bildiriler, hakem değerlendirmeleri, kararlar ve CME"
"İŞ MODÜLLERİ";"Program ve İçerik";"hub_program";"3";"Sosyal ve Tur Planı";"social-tours";"social";"(Varsayılan)";"BookOpenCheck";"WORK_WORKSPACE";"Gala, kokteyl, teknik ve kültürel gezi planları"
"İŞ MODÜLLERİ";"Sponsor ve Sergi";"hub_sponsor";"1";"Sponsorlar";"sponsors";"sponsorship";"sponsors";"Store";"WORK_WORKSPACE";"İşe destek veren sponsor kurumlar"
"İŞ MODÜLLERİ";"Sponsor ve Sergi";"hub_sponsor";"2";"Paketler ve Anlaşmalar";"packages-agreements";"sponsorship";"packages";"Store";"WORK_WORKSPACE";"Sponsorluk paketleri ve imzalı sözleşmeler"
"İŞ MODÜLLERİ";"Sponsor ve Sergi";"hub_sponsor";"3";"Haklar ve Teslimatlar";"deliverables-entitlements";"sponsorship";"deliverables";"Store";"WORK_WORKSPACE";"Vaat edilen teslimatlar ve hak kullanım takibi"
"İŞ MODÜLLERİ";"Sponsor ve Sergi";"hub_sponsor";"4";"Stantlar / Floor Studio";"booths-floors";"floors";"(Varsayılan)";"Store";"WORK_WORKSPACE";"Fuar planı, stant alanları ve yerleşim geometrisi"
"İŞ MODÜLLERİ";"Sponsor ve Sergi";"hub_sponsor";"5";"B2B";"b2b";"b2b";"(Varsayılan)";"Store";"WORK_WORKSPACE";"İkili iş görüşmeleri ve eşleşme takvimi"
"İŞ MODÜLLERİ";"Saha ve Lojistik";"hub_logistics";"1";"Saha Operasyonu";"onsite-operations";"onsite";"desk";"MapPin";"WORK_WORKSPACE";"Canlı tarama, kapı geçişleri, check-in ve kiosklar"
"İŞ MODÜLLERİ";"Saha ve Lojistik";"hub_logistics";"2";"Yaka Kartları ve Baskı";"badges-print";"badges";"queue";"MapPin";"WORK_WORKSPACE";"Kart tasarımları ve canlı baskı kuyruğu"
"İŞ MODÜLLERİ";"Saha ve Lojistik";"hub_logistics";"3";"Belgeler ve Sertifikalar";"certificates-docs";"certificates";"(Varsayılan)";"MapPin";"WORK_WORKSPACE";"Katılım belgesi, sertifika üretimi ve teslimat"
"İŞ MODÜLLERİ";"Saha ve Lojistik";"hub_logistics";"4";"Konaklama";"accommodation";"accommodation";"hotels";"MapPin";"WORK_WORKSPACE";"Otel blokları, gece stokları ve oda rezervasyonları"
"İŞ MODÜLLERİ";"Saha ve Lojistik";"hub_logistics";"5";"Seyahat ve Transfer";"travel-transfers";"accommodation";"transfers";"MapPin";"WORK_WORKSPACE";"Uçuş, karşılama ve araç transfer takibi"
"İŞ MODÜLLERİ";"Saha ve Lojistik";"hub_logistics";"6";"Mekânlar ve Alanlar";"venues-spaces";"floors";"(Varsayılan)";"MapPin";"WORK_WORKSPACE";"Etkinlik merkezi, salonlar ve fiziki alanlar"
"İŞ MODÜLLERİ";"Saha ve Lojistik";"hub_logistics";"7";"Ek Hizmetler";"extra-services";"finance";"(Varsayılan)";"MapPin";"WORK_WORKSPACE";"Ücretli veya ücretsiz ilave hizmet talepleri"
"İŞ MODÜLLERİ";"İletişim ve Deneyim";"hub_comms";"1";"İş İletişimi";"work-comms";"communications";"(Varsayılan)";"Radio";"WORK_WORKSPACE";"Yalnızca bu işin kitlelerine giden duyuru ve mesajlar"
"İŞ MODÜLLERİ";"İletişim ve Deneyim";"hub_comms";"2";"Dış Deneyimler";"external-experiences";"portals";"pwa";"Radio";"EXTERNAL_EXPERIENCE";"Katılımcı mobil PWA, web vitrini ve dış portallar"
"İŞ MODÜLLERİ";"İletişim ve Deneyim";"hub_comms";"3";"Medya";"media";"media";"(Varsayılan)";"Radio";"WORK_WORKSPACE";"İşe ait görsel ve dosya arşivi"
"İŞ MODÜLLERİ";"İş Raporları";"hub_reports";"1";"Finans ve Bütçe Raporları";"work-finance-reports";"accounting";"defter";"FileSpreadsheet";"WORK_WORKSPACE";"İşin gelir, gider, tahsilat ve mutabakat raporları"
"İŞ MODÜLLERİ";"İş Raporları";"hub_reports";"2";"Kayıt ve Katılım İstatistikleri";"work-reg-reports";"registrations";"reports";"FileSpreadsheet";"WORK_WORKSPACE";"Katılımcı profili, doluluk ve analizler"
"İŞ MODÜLLERİ";"İş Raporları";"hub_reports";"3";"Sponsor ve ROI Raporu";"work-sponsor-reports";"sponsorship";"roi";"FileSpreadsheet";"WORK_WORKSPACE";"Sponsorluk gerçekleşme ve teslimat metrikleri"
"İŞ MODÜLLERİ";"İş Ayarları";"hub_settings";"1";"İş Kimliği ve Zaman";"work-general-settings";"settings";"(Varsayılan)";"Sliders";"WORK_WORKSPACE";"Zaman dilimi, para birimi ve iş parametreleri"
"İŞ MODÜLLERİ";"İş Ayarları";"hub_settings";"2";"Etkin Modüller";"work-module-settings";"settings";"(Varsayılan)";"Sliders";"WORK_WORKSPACE";"Bu işte açık modül ve yeteneklerin yönetimi"
"İŞ MODÜLLERİ";"İş Ayarları";"hub_settings";"3";"Yayın ve Dış Görünüm";"work-portal-settings";"portals";"settings";"Sliders";"EXTERNAL_EXPERIENCE";"Dış deneyimlerin yayın ayarları ve markalama"
